Card Name,# Cubes,Sets,Mana Cost,Type
Abrade,22,Commander Masters Innistrad: Crimson Vow Commander Legends Double Masters Hour of Devastation Secret Lair Drop Starter Commander Decks The Brothers' War Commander Game Night: Free-for-All Innistrad: Double Feature Magic Online Promos Commander Legends The List Amonkhet Remastered Magic Online Promos Hour of Devastation Promos Crimson Vow Art Series,{1}{R},Instant
Abundant Harvest,17,Commander Masters Modern Horizons 2 Modern Horizons 2 Strixhaven Mystical Archive Strixhaven Mystical Archive Modern Horizons 2 Art Series Modern Horizons 2 Art Series,{G},Sorcery
Aether Chaser,12,Aether Revolt Kaladesh Remastered,{1}{R},Creature — Human Artificer
Aethersnipe,10,Double Masters 2022 Ultimate Masters Modern Masters 2015 Duel Decks Anthology: Jace vs. Chandra Modern Masters Commander 2011 Duel Decks: Jace vs. Chandra Lorwyn Mystery Booster,{5}{U},Creature — Elemental
Ainok Bond-Kin,7,Commander Masters Double Masters 2022 Midnight Hunt Commander Iconic Masters Khans of Tarkir Jumpstart: Historic Horizons Mystery Booster,{1}{W},Creature — Dog Soldier
Ambitious Assault,4,Kamigawa: Neon Dynasty,{2}{R},Instant
Ambush Viper,12,Commander Legends Innistrad,{1}{G},Creature — Snake
Ancestral Blade,17,Commander Masters Commander Legends Double Masters Core Set 2020 Game Night: Free-for-All Commander Masters Art Series,{1}{W},Artifact — Equipment
Annoyed Altisaur,13,Double Masters 2022 Commander Legends,{5}{G}{G},Creature — Dinosaur
Archaeomancer,19,Ultimate Masters Commander 2017 Duel Decks: Jace vs. Vraska Magic 2014 Magic 2013 Secret Lair Drop Mystery Booster,{2}{U}{U},Creature — Human Wizard
Ardent Elementalist,19,Innistrad: Midnight Hunt Innistrad: Double Feature,{3}{R},Creature — Human Shaman
Ardenvale Tactician,19,Throne of Eldraine Magic Online Promos Throne of Eldraine,{1}{W}{W} // {1}{W},Creature — Human Knight // Instant — Adventure
Armadillo Cloak,17,Eternal Masters Vintage Masters Archenemy Duel Decks: Phyrexia vs. the Coalition Invasion Mystery Booster Magic Online Promos Magic Online Theme Decks Friday Night Magic 2006,{1}{G}{W},Enchantment — Aura
Arms of Hadar,11,Commander Legends: Battle for Baldur's Gate,{3}{B},Sorcery
Ash Barrens,29,Commander Masters Commander Legends: Battle for Baldur's Gate New Capenna Commander Double Masters Commander 2020 Commander 2019 Commander Anthology Volume II Masters 25 Commander 2016 Tales of Middle-earth Commander Jumpstart 2022 Secret Lair Drop The Brothers' War Commander Warhammer 40,000 Commander Warhammer 40,000 Commander Mystery Booster Magic Online Promos Treasure Chest,,Land
Ashes to Ashes,13,Masters Edition III Fifth Edition Fourth Edition The Dark Magic Online Theme Decks Fifth Edition Renaissance Fourth Edition Foreign Black Border Pro Tour Collector Set,{1}{B}{B},Sorcery
Attended Knight,16,Modern Masters 2017 Magic 2013,{2}{W},Creature — Human Knight
Augury Raven,6,Kaldheim,{3}{U},Creature — Bird
Aven Eternal,13,War of the Spark,{2}{U},Creature — Zombie Bird Warrior
Azorius Chancery,22,Double Masters 2022 Crimson Vow Commander Forgotten Realms Commander Kaldheim Commander Commander 2020 Commander 2019 Commander 2018 Commander Anthology Volume II Iconic Masters Commander Anthology Commander 2016 Modern Masters 2015 Commander 2013 Duel Decks: Venser vs. Koth Commander 2011 Dissension The Brothers' War Commander Magic Online Promos Double Masters 2022 RNA Guild Kit Magic Online Theme Decks,,Land
Bannerhide Krushok,22,Modern Horizons 2 Jumpstart: Historic Horizons,{3}{G},Creature — Beast
Barbed Batterfist,5,Phyrexia: All Will Be One,{1}{R},Artifact — Equipment
Basilica Screecher,10,Gatecrash,{1}{B},Creature — Bat
Basilisk Gate,6,Commander Legends: Battle for Baldur's Gate,,Land — Gate
Basri's Acolyte,8,Core Set 2021 Jumpstart 2022 Core Set 2021,{2}{W}{W},Creature — Cat Cleric
Battle Screech,26,Commander Masters March of the Machine Commander Modern Horizons Vintage Masters Judgment Phyrexia: All Will Be One Commander Dominaria Remastered Jumpstart: Historic Horizons,{2}{W}{W},Sorcery
Bayou Groff,10,Strixhaven: School of Mages,{1}{G},Creature — Plant Dog
Beetleback Chief,21,Jumpstart Commander Anthology Volume II Planechase Anthology Eternal Masters Commander 2014 Duel Decks: Speed vs. Cunning Vintage Masters Planechase 2012 Mystery Booster,{2}{R}{R},Creature — Goblin Warrior
Behold the Multiverse,15,Kaldheim Kaldheim Art Series,{3}{U},Instant
Bind the Monster,9,Kaldheim Kaldheim Art Series,{U},Enchantment — Aura
Bitter Reunion,9,The Brothers' War,{1}{R},Enchantment
Black Dragon Gate,15,Commander Legends: Battle for Baldur's Gate,,Land — Gate
Blessed Hippogriff,10,Commander Legends: Battle for Baldur's Gate Alchemy Horizons: Baldur's Gate,{3}{W} // {W},Creature — Hippogriff // Instant — Adventure
Blood Fountain,13,Innistrad: Crimson Vow Innistrad: Double Feature,{B},Artifact
Bloodwater Entity,13,Double Masters 2022 Hour of Devastation,{1}{U}{R},Creature — Elemental
Bloom Hulk,5,War of the Spark,{3}{G},Creature — Plant Elemental
Body Dropper,15,Streets of New Capenna,{B}{R},Creature — Devil Warrior
Bogardan Dragonheart,15,Modern Horizons Jumpstart 2022 Jumpstart: Historic Horizons,{2}{R},Creature — Human Shaman
Bonder's Ornament,9,Commander Masters Commander 2020,{3},Artifact
Bone Picker,18,Double Masters Jumpstart Amonkhet Jumpstart 2022 Amonkhet Remastered,{3}{B},Creature — Bird
Bonesplitter,29,Commander Legends Modern Masters Duel Decks: Mirrodin Pure vs. New Phyrexia Mirrodin Historic Anthology 4 Mystery Booster Magic Online Promos Magic Online Theme Decks Salvat 2005 Salvat 2005 Arena League 2003,{1},Artifact — Equipment
Borderland Marauder,7,Jumpstart Battlebond Iconic Masters Eternal Masters Welcome Deck 2016 Magic 2015 Jumpstart 2022,{1}{R},Creature — Human Warrior
Boros Garrison,22,Dominaria United Commander Double Masters 2022 Commander 2021 Commander Legends Zendikar Rising Commander Commander 2020 Commander 2019 Commander Anthology Volume II Iconic Masters Commander 2017 Commander Anthology Commander 2016 Commander 2015 Modern Masters 2015 Commander 2013 Commander 2011 Planechase Ravnica: City of Guilds Phyrexia: All Will Be One Commander Magic Online Promos Double Masters 2022 GRN Guild Kit,,Land
Borrowed Grace,9,Eldritch Moon Shadows over Innistrad Remastered Mystery Booster,{2}{W},Instant
Botanical Plaza,12,Streets of New Capenna Streets of New Capenna,,Land
Bound in Gold,4,Kaldheim,{2}{W},Enchantment — Aura
Branching Bolt,11,Archenemy Planechase Shards of Alara,{1}{R}{G},Instant
Bubble Snare,8,Zendikar Rising,{U},Enchantment — Aura
Burning-Tree Emissary,22,Double Masters 2022 Duel Decks: Mind vs. Might Modern Masters 2017 Gatecrash Magic Online Promos Double Masters 2022 Historic Anthology 1 RNA Guild Kit,{R/G}{R/G},Creature — Human Shaman
Burst Lightning,18,Modern Masters 2015 Zendikar The List Mystery Booster Magic Online Promos Magic Player Rewards 2010,{R},Instant
Callous Dismissal,10,War of the Spark,{1}{U},Sorcery
Capsize,17,Tempest Remastered Tempest Amonkhet Invocations Magic Online Promos Magic Online Theme Decks Friday Night Magic 2003 World Championship Decks 1998,{1}{U}{U},Instant
Captured by Lagacs,17,Modern Horizons 2 Jumpstart: Historic Horizons Modern Horizons 2 Art Series Modern Horizons 2 Art Series,{1}{G}{W},Enchantment — Aura
Carrier Thrall,8,Commander Masters Double Masters 2022 Duel Decks: Nissa vs. Ob Nixilis Battle for Zendikar Jumpstart: Historic Horizons,{1}{B},Creature — Vampire
Carrion Feeder,24,Modern Horizons Eternal Masters Duel Decks: Phyrexia vs. the Coalition Scourge Secret Lair Drop Mystery Booster Magic Online Promos Magic Online Theme Decks Friday Night Magic 2004,{B},Creature — Zombie
Cartouche of Solidarity,9,Amonkhet Amonkhet Remastered Mystery Booster,{W},Enchantment — Aura Cartouche
Cartouche of Strength,16,Amonkhet Amonkhet Remastered,{2}{G},Enchantment — Aura Cartouche
Cast Down,19,Commander Legends: Battle for Baldur's Gate Commander Legends Double Masters Dominaria The List Alchemy Horizons: Baldur's Gate Media Inserts Magic Online Promos Dominaria Promos,{1}{B},Instant
Cathar Commando,20,Innistrad: Midnight Hunt Innistrad: Double Feature,{1}{W},Creature — Human Soldier
Cavern Harpy,16,Planeshift The List,{U}{B},Creature — Harpy Beast
Chain Lightning,21,Jumpstart Battlebond Eternal Masters Vintage Masters Masters Edition III Legends Dominaria Remastered Dominaria Remastered Secret Lair Drop Amonkhet Invocations Premium Deck Series: Fire and Lightning Magic Online Theme Decks Magic Online Theme Decks,{R},Sorcery
Chainer's Edict,15,Ultimate Masters Vintage Masters Torment Dominaria Remastered Dominaria Remastered Dominaria Remastered Historic Anthology 3 From the Vault: Twenty Magic Online Promos Friday Night Magic 2006 World Championship Decks 2003 World Championship Decks 2002,{1}{B},Sorcery
Citadel Gate,15,Commander Legends: Battle for Baldur's Gate,,Land — Gate
Clear Shot,7,Innistrad: Midnight Hunt Double Masters Eldritch Moon Shadows over Innistrad Remastered Innistrad: Double Feature,{2}{G},Instant
Cliffgate,15,Commander Legends: Battle for Baldur's Gate,,Land — Gate
Cloudkin Seer,25,Core Set 2020 Arena Beginner Set Mystery Booster,{2}{U},Creature — Elemental Wizard
Coalition Honor Guard,16,Eternal Masters Apocalypse Mystery Booster,{3}{W},Creature — Human Flagbearer
Cogwork Librarian,10,Conspiracy,{4},Artifact Creature — Construct
Coiling Oracle,18,Dominaria United Commander Double Masters 2022 Commander 2021 Commander Legends Modern Masters 2017 Commander 2016 Conspiracy: Take the Crown Commander 2015 Duel Decks: Elspeth vs. Kiora Dissension Magic Online Promos Double Masters 2022 Magic Online Promos Commander Legends Mystery Booster RNA Guild Kit Magic Online Promos Magic Online Theme Decks Arena League 2006,{G}{U},Creature — Snake Elf Druid
Colossal Might,6,Commander 2011 Archenemy Alara Reborn,{R}{G},Instant
Combat Professor,7,Strixhaven: School of Mages Jumpstart 2022,{3}{W},Creature — Bird Cleric
Compulsive Research,14,Commander Legends: Battle for Baldur's Gate Commander Legends Archenemy: Nicol Bolas Modern Masters 2017 Commander 2014 Conspiracy Ravnica: City of Guilds Strixhaven Mystical Archive Strixhaven Mystical Archive Legendary Cube Prize Pack Magic Online Theme Decks,{2}{U},Sorcery
Conclave Naturalists,7,Double Masters Magic Origins Magic Online Promos Magic Origins Promos,{4}{G},Creature — Dryad
Condescend,15,Iconic Masters Duel Decks Anthology: Jace vs. Chandra Duel Decks: Jace vs. Chandra Fifth Dawn Jumpstart 2022 Mystery Booster World Championship Decks 2004 World Championship Decks 2004,{X}{U},Instant
Consider,18,Innistrad: Midnight Hunt Wilds of Eldraine Commander Tales of Middle-earth Commander Wizards Play Network 2022 Innistrad: Double Feature Innistrad: Midnight Hunt,{U},Instant
Contagious Vorrac,9,Phyrexia: All Will Be One,{2}{G},Creature — Phyrexian Boar Beast
Contaminated Aquifer,5,Dominaria United,,Land — Island Swamp
Counterspell,29,Commander Masters Modern Horizons 2 Commander Legends Masters 25 Eternal Masters Tempest Remastered Duel Decks Anthology: Jace vs. Chandra Vintage Masters Masters Edition IV Duel Decks: Jace vs. Chandra Masters Edition II Seventh Edition Seventh Edition Mercadian Masques Starter 1999 Classic Sixth Edition Tempest Fifth Edition Ice Age Fourth Edition Summer Magic / Edgar Revised Edition Unlimited Edition Limited Edition Beta Limited Edition Alpha Secret Lair Drop Commander Masters Dominaria Remastered Dominaria Remastered Dominaria Remastered Starter Commander Decks Game Night: Free-for-All Heads I Win, Tails You Lose Secret Lair Drop Secret Lair Drop Magic Online Promos Modern Horizons 2 Media Inserts Strixhaven Mystical Archive Strixhaven Mystical Archive Magic Online Promos Commander Legends Mystery Booster Signature Spellbook: Jace Magic Online Promos Amonkhet Invocations Magic Online Promos Friday Night Magic 2005 Beatdown Box Set Judge Gift Cards 2000 Battle Royale Box Set DCI Legend Membership Fourth Edition Foreign Black Border Foreign Black Border 30th Anniversary Edition 30th Anniversary Edition World Championship Decks 2002 World Championship Decks 2001 World Championship Decks 2001 World Championship Decks 2001 World Championship Decks 2001 World Championship Decks 2000 World Championship Decks 1998 World Championship Decks 1997 World Championship Decks 1997 Pro Tour Collector Set Pro Tour Collector Set Intl. Collectors' Edition Collectors' Edition,{U}{U},Instant
Cruel Witness,8,Innistrad: Crimson Vow Innistrad: Double Feature,{2}{U}{U},Creature — Bird Horror
Crypt Rats,20,Modern Horizons Seventh Edition Seventh Edition Visions Jumpstart 2022 The List Hachette UK Salvat 2005,{2}{B},Creature — Rat
Custodi Squire,20,Commander Masters Crimson Vow Commander Conspiracy Treasure Chest,{4}{W},Creature — Spirit Cleric
Dark-Dweller Oracle,14,Double Masters 2022 Forgotten Realms Commander Core Set 2019 Core Set 2019 Promos,{1}{R},Creature — Goblin Shaman
Dauntless Unity,7,Zendikar Rising,{1}{W},Instant
Dead Weight,14,Ikoria: Lair of Behemoths Guilds of Ravnica Shadows over Innistrad Innistrad Shadows over Innistrad Remastered Jumpstart 2022,{B},Enchantment — Aura
Death Denied,17,Ultimate Masters Modern Masters 2015 Modern Masters Saviors of Kamigawa Mystery Booster Salvat 2005 Salvat 2005,{X}{B}{B},Instant — Arcane
Deathbloom Thallid,5,Core Set 2021 Dominaria Jumpstart 2022,{2}{B},Creature — Fungus
Deep Analysis,20,Commander Masters Double Masters 2022 New Capenna Commander Commander 2019 Eternal Masters Vintage Masters Commander 2013 Duel Decks: Ajani vs. Nicol Bolas Torment Tales of Middle-earth Commander Dominaria Remastered Starter Commander Decks Mystery Booster Legendary Cube Prize Pack Magic Online Promos Friday Night Magic 2007 World Championship Decks 2003 World Championship Decks 2003 World Championship Decks 2003 World Championship Decks 2002 World Championship Decks 2002 Commander Masters Art Series,{3}{U},Sorcery
Deepwood Denizen,6,Modern Horizons 2 Jumpstart: Historic Horizons,{2}{G},Creature — Elf Warrior
Defile,13,Modern Horizons Warhammer 40,000 Commander Warhammer 40,000 Commander Magic Online Promos Modern Horizons 1 Timeshifts,{B},Instant
Deftblade Elite,13,Vintage Masters Legions,{W},Creature — Human Soldier
Deprive,4,Rise of the Eldrazi,{U}{U},Instant
Desecrator Hag,8,Commander Anthology Volume II Commander 2011 Eventide,{2}{B/G}{B/G},Creature — Hag
Desert,14,Forgotten Realms Commander Time Spiral Timeshifted Arabian Nights The List Magic Online Promos From the Vault: Realms Friday Night Magic 2008,,Land — Desert
Dimir Aqueduct,23,Double Masters 2022 Commander Legends: Battle for Baldur's Gate Midnight Hunt Commander Forgotten Realms Commander Zendikar Rising Commander Commander 2020 Commander 2019 Commander 2018 Commander Anthology Volume II Iconic Masters Commander 2017 Planechase Anthology Commander 2016 Modern Masters 2015 Planechase 2012 Commander 2011 Ravnica: City of Guilds Wilds of Eldraine Commander The Brothers' War Commander Magic Online Promos Double Masters 2022 GRN Guild Kit,,Land
Dimir Guildmage,15,Ultimate Masters Modern Masters 2015 Ravnica: City of Guilds GRN Guild Kit Magic Online Promos Ravnica: City of Guilds Promos Salvat 2005,{U/B}{U/B},Creature — Human Wizard
Dinrova Horror,23,Jumpstart Battlebond Modern Masters 2017 Gatecrash GRN Guild Kit,{4}{U}{B},Creature — Horror
Diregraf Horde,12,Innistrad: Midnight Hunt Innistrad: Double Feature,{4}{B},Creature — Zombie
Disfigure,16,The Brothers' War Double Masters 2022 Core Set 2020 Masters 25 Duel Decks: Nissa vs. Ob Nixilis Zendikar Core Set 2020 Promos,{B},Instant
Displace,11,Eldritch Moon Mystery Booster,{2}{U},Instant
Doomed Dissenter,7,Innistrad: Crimson Vow Core Set 2019 Battlebond Amonkhet Jumpstart 2022 Game Night: Free-for-All Innistrad: Double Feature Amonkhet Remastered Mystery Booster,{1}{B},Creature — Human
Doomed Traveler,17,Double Masters 2022 Commander Legends Battlebond Iconic Masters Archenemy: Nicol Bolas Conspiracy: Take the Crown Duel Decks: Blessed vs. Cursed Conspiracy Duel Decks: Sorin vs. Tibalt Innistrad The List Shadows of the Past Jumpstart 2022 Jumpstart: Historic Horizons Mystery Booster,{W},Creature — Human Soldier
Dread Linnorm,4,Commander Legends: Battle for Baldur's Gate Alchemy Horizons: Baldur's Gate,{6}{G} // {3}{G},Creature — Snake Dragon // Instant — Adventure
Dreg Mangler,14,Double Masters 2022 Return to Ravnica Duel Decks: Izzet vs. Golgari Return to Ravnica Promos,{1}{B}{G},Creature — Plant Zombie
Dusk Legion Zealot,15,Masters 25 Rivals of Ixalan Game Night: Free-for-All Mystery Booster,{1}{B},Creature — Vampire Soldier
Dynacharge,14,Modern Masters 2017 Return to Ravnica Mystery Booster,{R},Instant
Ecstatic Awakener,14,Innistrad: Midnight Hunt Innistrad: Double Feature,,Creature — Human Wizard // Creature — Demon
Edge of Autumn,6,Time Spiral Remastered Duel Decks: Knights vs. Dragons Future Sight Magic Online Theme Decks,{1}{G},Sorcery
Eldrazi Skyspawner,17,Battle for Zendikar,{2}{U},Creature — Eldrazi Drone
Elephant Guide,19,Eternal Masters Duel Decks Anthology: Garruk vs. Liliana Vintage Masters Conspiracy Duel Decks: Garruk vs. Liliana Judgment Mystery Booster,{2}{G},Enchantment — Aura
Elite Vanguard,11,Eternal Masters Magic 2012 Duel Decks: Elspeth vs. Tezzeret Magic 2011 Magic 2010,{W},Creature — Human Soldier
Elvish Mystic,19,Commander Masters Kaldheim Commander Duel Decks: Elves vs. Inventors Commander Anthology Commander 2014 Magic 2015 Magic 2014 Commander Masters Tales of Middle-earth Commander Explorer Anthology 1 Secret Lair Drop Time Spiral Remastered Magic Online Promos Friday Night Magic 2014 Commander Masters Art Series,{G},Creature — Elf Druid
Ephemerate,29,Modern Horizons Summer Vacation Promos 2022 Magic Online Promos Modern Horizons 1 Timeshifts Strixhaven Mystical Archive Strixhaven Mystical Archive Mystery Booster Strixhaven Art Series Strixhaven Art Series Modern Horizons Art Series,{W},Instant
Errant Ephemeron,13,Time Spiral Remastered Duel Decks Anthology: Jace vs. Chandra Duel Decks: Jace vs. Vraska Modern Masters Duel Decks: Jace vs. Chandra Time Spiral Mystery Booster,{6}{U},Creature — Illusion
Evolving Wilds,28,Wilds of Eldraine March of the Machine Commander The Brothers' War Dominaria United Commander Commander Legends: Battle for Baldur's Gate Innistrad: Crimson Vow Innistrad: Midnight Hunt Adventures in the Forgotten Realms Commander Legends Zendikar Rising Commander Ikoria: Lair of Behemoths Commander 2019 Core Set 2020 Commander 2018 Commander Anthology Volume II Rivals of Ixalan Iconic Masters Commander 2017 Commander Anthology Amonkhet Commander 2016 Conspiracy: Take the Crown Commander 2015 Battle for Zendikar Duel Decks: Zendikar vs. Eldrazi Magic Origins Modern Masters 2015 Dragons of Tarkir Duel Decks: Elspeth vs. Kiora Commander 2014 Duel Decks: Speed vs. Cunning Magic 2015 Commander 2013 Duel Decks: Sorin vs. Tibalt Magic 2013 Dark Ascension Duel Decks: Ajani vs. Nicol Bolas Commander 2011 Rise of the Eldrazi Tales of Middle-earth Commander From Cute to Brute Shadows of the Past Jumpstart 2022 The Brothers' War Commander Warhammer 40,000 Commander Warhammer 40,000 Commander Innistrad: Double Feature Innistrad: Double Feature Adventures in the Forgotten Realms MTG Arena Promos Secret Lair Drop Amonkhet Remastered Arena Beginner Set Mystery Booster Rivals of Ixalan Promos Magic Online Promos Tarkir Dragonfury Magic Online Promos Friday Night Magic 2012 Wilds of Eldraine Art Series,,Land
Exclude,16,Commander Masters Jumpstart Modern Horizons Masters 25 Commander 2014 Invasion Mystery Booster Magic Online Promos,{2}{U},Instant
Experiment One,18,Double Masters 2022 Commander 2015 Gatecrash Mystery Booster RNA Guild Kit Magic Online Promos Friday Night Magic 2013,{G},Creature — Human Ooze
Eyeblight Massacre,7,Kaldheim Commander Commander Legends Magic Origins,{2}{B}{B},Sorcery
Faceless Butcher,15,Time Spiral Timeshifted Torment Dominaria Remastered Premium Deck Series: Graveborn,{2}{B}{B},Creature — Nightmare Horror
Faerie Duelist,9,Ravnica Allegiance,{1}{U},Creature — Faerie Rogue
Faerie Guidemother,15,Throne of Eldraine Magic Online Promos Throne of Eldraine,{W} // {1}{W},Creature — Faerie // Sorcery — Adventure
Faerie Seer,21,Modern Horizons Magic Online Promos Wilds of Eldraine Commander Jumpstart 2022 Jumpstart: Historic Horizons Modern Horizons 1 Timeshifts,{U},Creature — Faerie Wizard
Faith's Fetters,21,Commander Legends Core Set 2021 Ultimate Masters Commander Anthology Volume II Eternal Masters Commander 2015 Duel Decks Anthology: Divine vs. Demonic Duel Decks: Divine vs. Demonic Ravnica: City of Guilds Jumpstart 2022 Mystery Booster Magic Online Theme Decks,{3}{W},Enchantment — Aura
Faithless Looting,22,Commander Masters Dominaria United Commander Commander 2021 Commander 2019 Ultimate Masters Commander Anthology Volume II Eternal Masters Commander 2015 Commander 2014 Duel Decks: Sorin vs. Tibalt Dark Ascension Commander Masters Tales of Middle-earth Commander Shadows of the Past The Brothers' War Commander The List Strixhaven Mystical Archive Strixhaven Mystical Archive Mystery Booster Legendary Cube Prize Pack IDW Comics Inserts,{R},Sorcery
Falkenrath Noble,19,Crimson Vow Commander Jumpstart Commander 2017 Modern Masters 2017 Duel Decks: Blessed vs. Cursed Innistrad Shadows of the Past Jumpstart 2022,{3}{B},Creature — Vampire Noble
Famished Foragers,7,Innistrad: Midnight Hunt Innistrad: Double Feature,{3}{R},Creature — Vampire
Fanatical Firebrand,14,Jumpstart Rivals of Ixalan Jumpstart 2022,{R},Creature — Goblin Pirate
Feat of Resistance,4,Core Set 2021 Khans of Tarkir Mystery Booster,{1}{W},Instant
Feed the Swarm,12,Commander Masters Commander Legends: Battle for Baldur's Gate New Capenna Commander Crimson Vow Commander Midnight Hunt Commander Commander 2021 Zendikar Rising Tales of Middle-earth Commander Starter Commander Decks The Brothers' War Commander,{1}{B},Sorcery
Feign Death,7,Adventures in the Forgotten Realms,{B},Instant
Fiery Cannonade,12,Commander Legends Ixalan,{2}{R},Instant
Filigree Familiar,14,Commander Legends Game Night Duel Decks: Elves vs. Inventors Kaladesh Kaladesh Remastered Mystery Booster,{3},Artifact Creature — Fox
Fire // Ice,21,Modern Horizons 2 Ultimate Masters Duel Decks: Izzet vs. Golgari Commander 2011 Apocalypse Dominaria Remastered Mystery Booster Magic Online Promos Friday Night Magic 2006 World Championship Decks 2002 World Championship Decks 2002 World Championship Decks 2001 World Championship Decks 2001,{1}{R} // {1}{U},Instant // Instant
Fireball,12,Commander Legends: Battle for Baldur's Gate Iconic Masters Duel Decks Anthology: Jace vs. Chandra Commander 2013 Magic 2012 Masters Edition IV Magic 2011 Archenemy Magic 2010 Duel Decks: Jace vs. Chandra Darksteel Fifth Edition Introductory Two-Player Set Fourth Edition Summer Magic / Edgar Revised Edition Unlimited Edition Limited Edition Beta Limited Edition Alpha Commander Legends: Battle for Baldur's Gate The List Mystery Booster Magic Online Promos Magic Online Promos Premium Deck Series: Fire and Lightning Magic Player Rewards 2005 Beatdown Box Set Anthologies Arena League 1996 Rivals Quick Start Set Media Inserts Fourth Edition Foreign Black Border Foreign Black Border 30th Anniversary Edition 30th Anniversary Edition World Championship Decks 2004 Oversized League Prizes Pro Tour Collector Set Pro Tour Collector Set Pro Tour Collector Set Intl. Collectors' Edition Collectors' Edition,{X}{R},Sorcery
Fireblade Artist,15,Double Masters 2022 Ravnica Allegiance,{B}{R},Creature — Human Shaman
Fireblast,17,Duel Decks Anthology: Jace vs. Chandra Vintage Masters Duel Decks: Jace vs. Chandra Visions Dominaria Remastered Dominaria Remastered Magic Online Promos Magic Online Promos Premium Deck Series: Fire and Lightning Magic Online Theme Decks Friday Night Magic 2001 World Championship Decks 1998,{4}{R}{R},Instant
Firebolt,22,Modern Horizons Duel Decks: Mind vs. Might Eternal Masters Duel Decks Anthology: Jace vs. Chandra Duel Decks: Jace vs. Chandra Odyssey Jumpstart 2022 Mystery Booster Magic Online Promos Friday Night Magic 2007,{R},Sorcery
Firebrand Archer,17,Hour of Devastation Amonkhet Remastered Mystery Booster,{1}{R},Creature — Human Archer
Fireslinger,15,Duel Decks Anthology: Jace vs. Chandra Duel Decks: Jace vs. Chandra Tempest Jumpstart 2022 Magic Online Promos Friday Night Magic 2002 World Championship Decks 1999 World Championship Decks 1999,{1}{R},Creature — Human Wizard
First-Sphere Gargantua,18,March of the Machine Commander Modern Horizons Jumpstart: Historic Horizons Mystery Booster,{4}{B}{B},Creature — Phyrexian Horror
Flame Slash,14,Conspiracy: Take the Crown Duel Decks: Sorin vs. Tibalt Rise of the Eldrazi Store Championships,{R},Sorcery
Flayer Husk,21,Double Masters Planechase Anthology Modern Masters 2015 Planechase 2012 Mirrodin Besieged Mystery Booster,{1},Artifact — Equipment
Flurry of Horns,7,Jumpstart Journey into Nyx,{4}{R},Sorcery
Forbidden Friendship,8,Ikoria: Lair of Behemoths Ikoria: Lair of Behemoths,{1}{R},Sorcery
Frenzied Goblin,10,Masters 25 Duel Decks: Speed vs. Cunning Magic 2015 Ravnica: City of Guilds Jumpstart 2022 GRN Guild Kit Magic Online Promos Friday Night Magic 2015 Salvat 2005,{R},Creature — Goblin Berserker
Frost Trickster,20,Strixhaven: School of Mages,{2}{U},Creature — Bird Wizard
Fyndhorn Elves,18,Commander Legends Vintage Masters Masters Edition Ice Age 30th Anniversary Play Promos Magic Online Promos Commander Legends Magic Online Promos From the Vault: Twenty Deckmasters World Championship Decks 1997 Pro Tour Collector Set,{G},Creature — Elf Druid
Gallant Cavalry,5,Core Set 2019 Jumpstart 2022,{3}{W},Creature — Human Knight
Gather the Townsfolk,9,Duel Decks: Blessed vs. Cursed Dark Ascension Magic Online Promos Wizards Play Network 2012,{1}{W},Sorcery
Geothermal Bog,5,Dominaria United,,Land — Swamp Mountain
Ghirapur Gearcrafter,10,Duel Decks: Elves vs. Inventors Magic Origins,{2}{R},Creature — Human Artificer
Ghostly Flicker,23,Commander Masters Kaldheim Commander Modern Masters 2017 Avacyn Restored,{2}{U},Instant
Giant Growth,11,The Brothers' War War of the Spark Battlebond Masters 25 Duel Decks Anthology: Elves vs. Goblins Duel Decks Anthology: Garruk vs. Liliana Magic 2014 Return to Ravnica Masters Edition IV Magic 2011 Duel Decks: Garruk vs. Liliana Masters Edition III Magic 2010 Masters Edition II Duel Decks: Elves vs. Goblins Tenth Edition Ninth Edition Ninth Edition Eighth Edition Eighth Edition Seventh Edition Seventh Edition Classic Sixth Edition Fifth Edition Ice Age Fourth Edition Summer Magic / Edgar Revised Edition Unlimited Edition Limited Edition Beta Limited Edition Alpha Secret Lair Drop Mystery Booster Explorers of Ixalan Magic Online Promos Magic Online Promos Magic Online Promos Salvat 2011 Duels of the Planeswalkers Magic Player Rewards 2006 Japan Junior Tournament Junior Super Series Deckmasters Beatdown Box Set Friday Night Magic 2000 Battle Royale Box Set Anthologies Fourth Edition Foreign Black Border Foreign Black Border 30th Anniversary Edition 30th Anniversary Edition Jumpstart: Historic Horizons World Championship Decks 1999 World Championship Decks 1997 Intl. Collectors' Edition Collectors' Edition,{G},Instant
Gideon's Lawkeeper,15,Archenemy: Nicol Bolas Modern Masters 2017 Magic 2012 Jumpstart 2022 Mystery Booster,{W},Creature — Human Soldier
Gingerbrute,24,Wilds of Eldraine Jumpstart Throne of Eldraine Media Inserts,{1},Artifact Creature — Food Golem
Gitaxian Probe,17,New Phyrexia The List Magic Online Promos Friday Night Magic 2012,{U/P},Sorcery
Gixian Infiltrator,4,The Brothers' War,{1}{B},Creature — Phyrexian Human
Gluttonous Slug,5,Modern Horizons,{1}{B},Creature — Slug Horror
Gnarlid Colony,8,Zendikar Rising,{1}{G},Creature — Beast
Gnoll Hunter,5,Adventures in the Forgotten Realms Alchemy Horizons: Baldur's Gate Adventures in the Forgotten Realms Adventures in the Forgotten Realms Art Series,{1}{G},Creature — Gnoll
Go for the Throat,10,March of the Machine Commander The Brothers' War Double Masters 2022 Midnight Hunt Commander Commander 2017 Mirrodin Besieged Tales of Middle-earth Commander Warhammer 40,000 Commander Warhammer 40,000 Commander Mystery Booster Magic Online Promos Friday Night Magic 2011,{1}{B},Instant
Goblin Anarchomancer,19,Modern Horizons 2 Jumpstart: Historic Horizons Modern Horizons 2,{R}{G},Creature — Goblin Shaman
Goblin Bushwhacker,13,Zendikar Mystery Booster Retail Edition Foils Secret Lair Drop,{R},Creature — Goblin Warrior
Goblin Electromancer,9,New Capenna Commander Guilds of Ravnica Duel Decks: Mind vs. Might Modern Masters 2017 Commander 2015 Return to Ravnica Duel Decks: Izzet vs. Golgari,{U}{R},Creature — Goblin Wizard
Goblin Motivator,8,Core Set 2019 Game Night: Free-for-All Mystery Booster,{R},Creature — Goblin Warrior
Gods Willing,7,Double Masters 2022 Core Set 2020 Ultimate Masters Masters 25 Conspiracy: Take the Crown Theros Strixhaven Mystical Archive Strixhaven Mystical Archive Mystery Booster,{W},Instant
Goldmeadow Harrier,12,Duel Decks: Elspeth vs. Tezzeret Lorwyn,{W},Creature — Kithkin Soldier
Golgari Rot Farm,22,Commander Masters Double Masters 2022 Commander 2021 Kaldheim Commander Commander 2020 Commander 2019 Commander 2018 Commander Anthology Volume II Iconic Masters Commander Anthology Commander 2016 Commander 2015 Modern Masters 2015 Commander 2013 Duel Decks: Izzet vs. Golgari Commander 2011 Ravnica: City of Guilds Magic Online Promos Double Masters 2022 GRN Guild Kit Magic Online Theme Decks,,Land
Grapple with the Past,13,Double Masters 2022 Commander 2018 Eldritch Moon Shadows over Innistrad Remastered Mystery Booster,{1}{G},Instant
Gravedigger,14,Core Set 2020 Core Set 2019 Commander Anthology Volume II Amonkhet Eternal Masters Tempest Remastered Magic 2015 Magic 2012 Commander 2011 Magic 2011 Planechase Magic 2010 Tenth Edition Ninth Edition Ninth Edition Eighth Edition Eighth Edition Odyssey Seventh Edition Seventh Edition Starter 1999 Classic Sixth Edition Tempest Portal Jumpstart 2022 Amonkhet Remastered Mystery Booster Salvat 2011 DCI Promos Salvat 2005 Salvat 2005 Salvat 2005 Beatdown Box Set,{3}{B},Creature — Zombie
Gray Merchant of Asphodel,20,Theros Beyond Death Commander 2014 Theros Starter Commander Decks Time Spiral Remastered Theros Beyond Death Mystery Booster,{3}{B}{B},Creature — Zombie
Greater Tanuki,10,Commander Masters Kamigawa: Neon Dynasty,{4}{G}{G},Enchantment Creature — Dog
Greatsword of Tyr,14,Commander Legends: Battle for Baldur's Gate,{1}{W},Artifact — Equipment
Grim Initiate,10,War of the Spark,{R},Creature — Zombie Warrior
Growth Spiral,15,Dominaria United Commander Commander Legends Commander 2020 Ravnica Allegiance Tales of Middle-earth Commander Strixhaven Mystical Archive Strixhaven Mystical Archive Ravnica Allegiance Promos,{G}{U},Instant
Gruul Turf,22,Double Masters 2022 Commander Legends: Battle for Baldur's Gate Neon Dynasty Commander Forgotten Realms Commander Zendikar Rising Commander Commander 2020 Commander 2019 Commander 2018 Iconic Masters Planechase Anthology Commander 2016 Modern Masters 2015 Planechase 2012 Commander 2011 Planechase Guildpact Magic Online Promos Double Masters 2022 RNA Guild Kit Magic Online Theme Decks,,Land
Guardian Idol,9,Jumpstart Iconic Masters Fifth Dawn,{2},Artifact
Guardian of the Guildpact,17,Dissension,{3}{W},Creature — Spirit
Guildsworn Prowler,8,Commander Legends: Battle for Baldur's Gate Alchemy Horizons: Baldur's Gate,{1}{B},Creature — Tiefling Rogue Assassin
Gurmag Angler,24,Ultimate Masters Fate Reforged Time Spiral Remastered Mystery Booster,{6}{B},Creature — Zombie Fish
Halimar Wavewatch,4,Rise of the Eldrazi,{1}{U},Creature — Merfolk Soldier
Hard Evidence,19,Modern Horizons 2 The List Jumpstart: Historic Horizons,{U},Sorcery
Haunted Mire,7,Dominaria United,,Land — Swamp Forest
Heartfire,7,Jumpstart War of the Spark,{1}{R},Instant
Heliod's Pilgrim,12,Theros Beyond Death Ultimate Masters Magic 2015 Media Inserts,{2}{W},Creature — Human Cleric
Hissing Iguanar,16,Double Masters 2022 Ultimate Masters Planechase Anthology Planechase 2012 Shards of Alara Magic Online Theme Decks,{2}{R},Creature — Lizard
Hobblefiend,11,Core Set 2021,{1}{R},Creature — Devil
Hooting Mandrills,18,Ultimate Masters Khans of Tarkir Jumpstart 2022 Mystery Booster,{5}{G},Creature — Ape
Hordeling Outburst,19,Masters 25 Duel Decks: Merfolk vs. Goblins Khans of Tarkir Phyrexia: All Will Be One Commander Jumpstart 2022 Jumpstart: Historic Horizons Magic Online Promos Friday Night Magic 2015,{1}{R}{R},Sorcery
Hunted Witness,10,Guilds of Ravnica,{W},Creature — Human
Icewind Stalwart,5,Commander Legends: Battle for Baldur's Gate Alchemy Horizons: Baldur's Gate,{3}{W},Creature — Tiefling Warrior
Idyllic Beachfront,5,Dominaria United,,Land — Plains Island
Imperial Oath,10,Kamigawa: Neon Dynasty,{5}{W},Sorcery
Impulse,14,Dominaria United Battlebond Duel Decks: Speed vs. Cunning Visions Dominaria Remastered Dominaria Remastered Game Night: Free-for-All Mystery Booster From the Vault: Twenty Magic Online Promos Friday Night Magic 2001 Beatdown Box Set World Championship Decks 1998 World Championship Decks 1997,{1}{U},Instant
Incinerate,18,Duel Decks Anthology: Jace vs. Chandra Magic 2012 Duel Decks: Jace vs. Chandra Masters Edition II Tenth Edition Fifth Edition Mirage Ice Age Magic Online Promos Salvat 2011 Duels of the Planeswalkers Magic Player Rewards 2008 Coldsnap Theme Decks Deckmasters Deckmasters DCI Legend Membership World Championship Decks 1998 Oversized League Prizes World Championship Decks 1997 World Championship Decks 1997 World Championship Decks 1997 Pro Tour Collector Set Pro Tour Collector Set,{1}{R},Instant
Infuse with Vitality,7,Strixhaven: School of Mages,{B}{G},Instant
Insolent Neonate,14,Shadows over Innistrad Shadows over Innistrad Remastered Jumpstart: Historic Horizons Mystery Booster,{R},Creature — Vampire
Inspiring Overseer,21,Streets of New Capenna Jumpstart 2022,{2}{W},Creature — Angel Cleric
Into the Roil,14,Commander Legends Zendikar Rising Commander 2018 Commander 2017 Commander 2014 Duel Decks: Jace vs. Vraska Zendikar Zendikar Rising Salvat 2011,{1}{U},Instant
Iron Apprentice,5,Kamigawa: Neon Dynasty,{1},Artifact Creature — Construct
Izzet Boilerworks,26,Double Masters 2022 Commander Legends: Battle for Baldur's Gate Commander 2021 Commander 2020 Commander 2019 Commander 2018 Iconic Masters Commander 2017 Commander 2016 Commander 2015 Modern Masters 2015 Commander 2013 Duel Decks: Izzet vs. Golgari Commander 2011 Guildpact The Brothers' War Commander Magic Online Promos Double Masters 2022 Heads I Win, Tails You Lose GRN Guild Kit,,Land
Izzet Charm,11,Double Masters 2022 Double Masters Modern Masters 2017 Return to Ravnica Duel Decks: Izzet vs. Golgari Explorer Anthology 3 GRN Guild Kit Magic Online Promos Friday Night Magic 2013,{U}{R},Instant
Jackal Pup,13,Masters 25 Tempest Mystery Booster Magic Online Promos Premium Deck Series: Fire and Lightning Friday Night Magic 2001 World Championship Decks 1999 World Championship Decks 1998,{R},Creature — Jackal
Jade Avenger,8,Modern Horizons 2 The List Modern Horizons 2,{1}{G},Creature — Frog Samurai
Jade Guardian,5,Ixalan,{3}{G},Creature — Merfolk Shaman
Jewel Thief,20,Streets of New Capenna,{2}{G},Creature — Cat Rogue
Journey to Nowhere,24,Commander 2011 Duel Decks: Elspeth vs. Tezzeret Zendikar,{1}{W},Enchantment
Jungleborn Pioneer,10,Rivals of Ixalan,{2}{G},Creature — Merfolk Scout
Keldon Marauders,14,Eternal Masters Planar Chaos Premium Deck Series: Fire and Lightning Magic Online Theme Decks,{1}{R},Creature — Human Warrior
Kingpin's Pet,14,Gatecrash The List,{1}{W}{B},Creature — Thrull
Kor Skyfisher,24,Modern Masters 2017 Duel Decks: Elspeth vs. Kiora Duel Decks: Elspeth vs. Tezzeret Zendikar Jumpstart: Historic Horizons Mystery Booster Magic Online Promos URL/Convention Promos,{1}{W},Creature — Kor Soldier
Krenko's Command,9,Duel Decks: Merfolk vs. Goblins Duel Decks: Speed vs. Cunning Magic 2013 Jumpstart: Historic Horizons Mystery Booster,{1}{R},Sorcery
Krosan Tusker,23,Commander Masters Modern Horizons Duel Decks: Elves vs. Inventors Masters 25 Duel Decks Anthology: Garruk vs. Liliana Vintage Masters Commander 2013 Duel Decks: Heroes vs. Monsters Commander 2011 Archenemy Duel Decks: Garruk vs. Liliana Onslaught Historic Anthology 3 Mystery Booster Magic Online Promos Magic Online Theme Decks Friday Night Magic 2003,{5}{G}{G},Creature — Boar Beast
Lash of Malice,8,Strixhaven: School of Mages,{B},Instant
Lawmage's Binding,9,Jumpstart Ravnica Allegiance Mystery Booster,{1}{W}{U},Enchantment — Aura
Lazotep Reaver,14,War of the Spark Starter Commander Decks,{1}{B},Creature — Zombie Beast
Lead the Stampede,4,Ikoria: Lair of Behemoths Duel Decks: Elves vs. Inventors Iconic Masters Conspiracy Duel Decks: Ajani vs. Nicol Bolas Mirrodin Besieged Mystery Booster,{2}{G},Sorcery
Leonin Bola,6,Darksteel Salvat 2005,{1},Artifact — Equipment
Lightning Bolt,28,Double Masters 2022 Commander Legends: Battle for Baldur's Gate Jumpstart Masters 25 Archenemy: Nicol Bolas Modern Masters 2015 Magic 2011 Magic 2010 Masters Edition Fourth Edition Summer Magic / Edgar Revised Edition Unlimited Edition Limited Edition Beta Limited Edition Alpha Secret Lair Drop Game Night: Free-for-All Magic Online Promos Double Masters 2022 Commander Legends: Battle for Baldur's Gate Secret Lair Drop The List Strixhaven Mystical Archive Strixhaven Mystical Archive The List Secret Lair Drop Secret Lair Drop Secret Lair Drop Secret Lair Drop Mystery Booster Magic Online Promos MagicFest 2019 Magic Online Promos Magic Online Promos Premium Deck Series: Fire and Lightning Magic Online Theme Decks Magic Online Theme Decks Magic Player Rewards 2010 Magic Player Rewards 2009 Beatdown Box Set Anthologies Judge Gift Cards 1998 Fourth Edition Foreign Black Border Foreign Black Border 30th Anniversary Edition 30th Anniversary Edition Alchemy Horizons: Baldur's Gate Jumpstart: Historic Horizons Pro Tour Collector Set Pro Tour Collector Set Pro Tour Collector Set Intl. Collectors' Edition Collectors' Edition Strixhaven Art Series Strixhaven Art Series,{R},Instant
Lightning Strike,17,Dominaria United Game Night 2019 Core Set 2019 Ixalan Magic 2015 Theros Secret Lair Drop Dominaria United Jumpstart Arena Exclusives,{1}{R},Instant
Liliana's Specter,18,Planechase Anthology Conspiracy Planechase 2012 Magic 2011 Magic Online Promos DCI Promos,{1}{B}{B},Creature — Specter
Llanowar Elves,27,Game Night Core Set 2019 Dominaria Commander Anthology Eternal Masters Duel Decks Anthology: Elves vs. Goblins Commander 2014 Magic 2012 Magic 2011 Magic 2010 Duel Decks: Elves vs. Goblins Tenth Edition Ninth Edition Ninth Edition Seventh Edition Seventh Edition Classic Sixth Edition Fifth Edition Fourth Edition Summer Magic / Edgar Revised Edition Unlimited Edition Limited Edition Beta Limited Edition Alpha Resale Promos 30th Anniversary History Promos 30th Anniversary History Promos Secret Lair Drop Game Night: Free-for-All Mystery Booster MTG Arena Promos Magic Online Promos Dominaria Promos Magic Online Promos Magic Online Promos DCI Promos Beatdown Box Set Friday Night Magic 2000 Battle Royale Box Set Anthologies Fourth Edition Foreign Black Border Foreign Black Border 30th Anniversary Edition 30th Anniversary Edition World Championship Decks 2002 World Championship Decks 2002 World Championship Decks 2001 World Championship Decks 2000 World Championship Decks 2000 World Championship Decks 1999 Pro Tour Collector Set Intl. Collectors' Edition Collectors' Edition Time Spiral Remastered Tokens,{G},Creature — Elf Druid
Llanowar Visionary,24,Core Set 2021 Core Set 2021,{2}{G},Creature — Elf Druid
Loathsome Curator,10,Modern Horizons 2,{4}{B},Creature — Gorgon Wizard
Looter il-Kor,19,Commander Masters New Capenna Commander Time Spiral Remastered Time Spiral Magic Online Theme Decks,{1}{U},Creature — Kor Rogue
Lorehold Campus,14,Strixhaven: School of Mages,,Land
Lose Focus,17,Modern Horizons 2,{1}{U},Instant
Lyev Skyknight,8,Double Masters 2022 Return to Ravnica RNA Guild Kit,{1}{W}{U},Creature — Human Knight
Makeshift Munitions,12,Commander Masters Commander Legends Jumpstart Ixalan,{1}{R},Enchantment
Man-o'-War,23,Modern Horizons Masters 25 Eternal Masters Duel Decks: Elspeth vs. Kiora Duel Decks Anthology: Jace vs. Chandra Vintage Masters Duel Decks: Jace vs. Chandra Starter 1999 Portal Visions Dominaria Remastered Jumpstart: Historic Horizons The List Mystery Booster Magic Online Promos Magic Online Theme Decks Arena League 2002 Battle Royale Box Set World Championship Decks 1998 World Championship Decks 1997 World Championship Decks 1997,{2}{U},Creature — Jellyfish
Mana Leak,24,Double Masters 2022 Iconic Masters Modern Masters 2015 Tempest Remastered Duel Decks: Speed vs. Cunning Magic 2012 Magic 2011 Ninth Edition Ninth Edition Eighth Edition Eighth Edition Stronghold Mystery Booster Magic Online Promos Salvat 2011 Magic Player Rewards 2005 Arena League 2002 Battle Royale Box Set World Championship Decks 2004 World Championship Decks 2004 World Championship Decks 2003 World Championship Decks 2003 World Championship Decks 1998,{1}{U},Instant
Mana Tithe,14,Time Spiral Remastered Planar Chaos Strixhaven Mystical Archive Strixhaven Mystical Archive Mystery Booster Magic Online Promos Magic Player Rewards 2008,{W},Instant
Manor Gate,15,Commander Legends: Battle for Baldur's Gate,,Land — Gate
Masked Vandal,11,Kaldheim Kaldheim Kaldheim Art Series,{1}{G},Creature — Shapeshifter
Massive Might,4,Innistrad: Crimson Vow Innistrad: Double Feature,{G},Instant
Master's Rebuke,4,Kamigawa: Neon Dynasty Jumpstart 2022,{1}{G},Instant
Mayhem Patrol,13,Streets of New Capenna,{1}{R},Creature — Devil Warrior
Merfolk Looter,12,Forgotten Realms Commander Masters 25 Duel Decks: Merfolk vs. Goblins Conspiracy: Take the Crown Eternal Masters Tempest Remastered Magic 2012 Magic 2010 Tenth Edition Seventh Edition Seventh Edition Exodus Historic Anthology 5 Mystery Booster Magic Online Theme Decks World Championship Decks 2002 World Championship Decks 2001,{1}{U},Creature — Merfolk Rogue
Militia Bugler,14,Double Masters 2022 Core Set 2019 Magic Online Promos Core Set 2019 Promos,{2}{W},Creature — Human Soldier
Mind Stone,22,Commander Masters March of the Machine Commander Commander Legends: Battle for Baldur's Gate Forgotten Realms Commander Commander 2021 Kaldheim Commander Zendikar Rising Commander Commander 2018 Commander Anthology Volume II Iconic Masters Commander 2015 Duel Decks: Zendikar vs. Eldrazi Duel Decks Anthology: Jace vs. Chandra Commander 2014 Duel Decks: Jace vs. Chandra Tenth Edition Weatherlight Wilds of Eldraine Commander Angels: They're Just Like Us but Cooler and with Wings Tales of Middle-earth Commander Phyrexia: All Will Be One Commander Dominaria Remastered Dominaria Remastered The Brothers' War Commander Warhammer 40,000 Commander Warhammer 40,000 Commander Warhammer 40,000 Commander Warhammer 40,000 Commander Heads I Win, Tails You Lose Wizards Play Network 2021 Historic Anthology 1 Mystery Booster Magic Online Promos DCI Promos World Championship Decks 1997,{2},Artifact
Minimus Containment,7,Commander Legends: Battle for Baldur's Gate Adventures in the Forgotten Realms Alchemy Horizons: Baldur's Gate,{2}{W},Enchantment — Aura
Mire's Grasp,7,Theros Beyond Death,{1}{B},Enchantment — Aura
Mirrorshell Crab,17,Kamigawa: Neon Dynasty,{5}{U}{U},Artifact Creature — Crab
Miscalculation,24,Urza's Legacy World Championship Decks 2000,{1}{U},Instant
Mist Raven,16,Kaldheim Commander Modern Masters 2017 Duel Decks: Blessed vs. Cursed Avacyn Restored Shadows of the Past Mystery Booster,{2}{U}{U},Creature — Bird
Mistral Singer,5,Core Set 2021,{2}{U},Creature — Siren
Mnemonic Wall,12,Iconic Masters Conspiracy: Take the Crown Commander 2013 Theros Rise of the Eldrazi Mystery Booster,{4}{U},Creature — Wall
Moan of the Unhallowed,14,Ultimate Masters Duel Decks: Blessed vs. Cursed Innistrad Game Night: Free-for-All,{2}{B}{B},Sorcery
Mogg War Marshal,22,Time Spiral Remastered Eternal Masters Duel Decks Anthology: Elves vs. Goblins Modern Masters Duel Decks: Elves vs. Goblins Time Spiral Dominaria Remastered Dominaria Remastered Mystery Booster,{1}{R},Creature — Goblin Warrior
Mold Folk,8,Commander Legends: Battle for Baldur's Gate Battle for Baldur's Gate Art Series,{1}{B},Creature — Fungus Warrior
Moldervine Cloak,13,Modern Masters Ravnica: City of Guilds,{2}{G},Enchantment — Aura
Molten Tributary,6,Dominaria United,,Land — Island Mountain
Momentary Blink,21,Double Masters 2022 Time Spiral Remastered Kaldheim Commander Modern Masters 2017 Duel Decks: Blessed vs. Cursed Time Spiral Dominaria Remastered Dominaria Remastered Historic Anthology 3 Mystery Booster Magic Online Promos Magic Online Theme Decks,{1}{W},Instant
Monastery Swiftspear,20,The Brothers' War Double Masters 2022 Iconic Masters Khans of Tarkir Magic Online Promos Double Masters 2022 Time Spiral Remastered Secret Lair Drop Mystery Booster,{R},Creature — Human Monk
Moon-Circuit Hacker,20,Kamigawa: Neon Dynasty Kamigawa: Neon Dynasty,{1}{U},Enchantment Creature — Human Ninja
Mother Bear,16,Modern Horizons Jumpstart: Historic Horizons,{1}{G},Creature — Bear
Mulldrifter,28,Double Masters 2022 Forgotten Realms Commander Kaldheim Commander Commander Legends Commander 2020 Commander 2018 Commander Anthology Volume II Commander 2015 Modern Masters 2015 Duel Decks Anthology: Jace vs. Chandra Commander 2014 Modern Masters Commander 2011 Duel Decks: Jace vs. Chandra Lorwyn Magic Online Promos Double Masters 2022 Secret Lair Drop Secret Lair Drop Jumpstart: Historic Horizons Time Spiral Remastered Magic Online Promos Commander Legends Mystery Booster Magic Online Promos Magic Online Theme Decks Friday Night Magic 2009,{4}{U},Creature — Elemental
Mutagenic Growth,16,Modern Masters 2015 New Phyrexia,{G/P},Instant
Nature's Lore,6,Commander Masters Commander Legends: Battle for Baldur's Gate Forgotten Realms Commander Duel Decks Anthology: Garruk vs. Liliana Vintage Masters Duel Decks: Garruk vs. Liliana Masters Edition Starter 1999 Portal Second Age Portal Fifth Edition Ice Age Dominaria Remastered Dominaria Remastered Secret Lair Drop Mystery Booster,{1}{G},Sorcery
Nessian Asp,10,Conspiracy: Take the Crown Duel Decks: Elspeth vs. Kiora Theros,{4}{G},Creature — Snake
Nest Invader,13,Planechase Anthology Modern Masters 2015 Planechase 2012 Rise of the Eldrazi Mystery Booster Legendary Cube Prize Pack,{1}{G},Creature — Eldrazi Drone
Nested Shambler,16,Modern Horizons 2 Jumpstart: Historic Horizons Modern Horizons 2 Modern Horizons 2 Art Series Modern Horizons 2 Art Series,{B},Creature — Zombie
Night's Whisper,17,March of the Machine Commander Dominaria United Commander Crimson Vow Commander Eternal Masters Duel Decks: Jace vs. Vraska Fifth Dawn Tales of Middle-earth Commander Phyrexia: All Will Be One Commander Secret Lair Drop Mystery Booster,{1}{B},Sorcery
Ninja of the Deep Hours,26,Commander 2018 Planechase Anthology Commander 2015 Planechase 2012 Betrayers of Kamigawa Jumpstart: Historic Horizons Time Spiral Remastered Mystery Booster Salvat 2005 Salvat 2005 Salvat 2005,{3}{U},Creature — Human Ninja
Oblivion Ring,24,Modern Masters 2015 Magic 2013 Duel Decks: Venser vs. Koth Magic 2012 Commander 2011 Duel Decks: Knights vs. Dragons Archenemy Planechase Shards of Alara Lorwyn Magic Online Promos Magic Online Theme Decks Magic Online Theme Decks Friday Night Magic 2009,{2}{W},Enchantment
Okiba-Gang Shinobi,18,Planechase Anthology Planechase 2012 Betrayers of Kamigawa Jumpstart: Historic Horizons Mystery Booster Salvat 2005 Salvat 2005,{3}{B}{B},Creature — Rat Ninja
Omen of the Sea,10,Theros Beyond Death,{1}{U},Enchantment
Opt,16,Core Set 2021 Throne of Eldraine Dominaria Ixalan Invasion Wilds of Eldraine Commander Tales of Middle-earth Commander Jumpstart 2022 Strixhaven Mystical Archive Strixhaven Mystical Archive Secret Lair Drop Mystery Booster Magic Online Promos Dominaria Promos World Championship Decks 2001,{U},Instant
Orcish Hellraiser,14,Modern Horizons,{1}{R},Creature — Orc Warrior
Orzhov Basilica,22,Commander Masters Dominaria United Commander Double Masters 2022 Commander Legends: Battle for Baldur's Gate Forgotten Realms Commander Commander 2021 Commander 2020 Commander 2018 Iconic Masters Commander 2017 Commander Anthology Commander 2016 Commander 2015 Modern Masters 2015 Commander 2013 Commander 2011 Guildpact The Brothers' War Commander Magic Online Promos Double Masters 2022 Mystery Booster RNA Guild Kit,,Land
Owlbear,17,Adventures in the Forgotten Realms Alchemy Horizons: Baldur's Gate Adventures in the Forgotten Realms Adventures in the Forgotten Realms Art Series Adventures in the Forgotten Realms Art Series,{3}{G}{G},Creature — Bird Bear
Pacifism,11,Jumpstart Ikoria: Lair of Behemoths Core Set 2020 Battlebond Masters 25 Eternal Masters Tempest Remastered Dragons of Tarkir Duel Decks Anthology: Divine vs. Demonic Magic 2014 Magic 2013 Magic 2012 Magic 2011 Magic 2010 Duel Decks: Divine vs. Demonic Tenth Edition Tenth Edition Ninth Edition Ninth Edition Eighth Edition Eighth Edition Onslaught Seventh Edition Seventh Edition Classic Sixth Edition Urza's Saga Tempest Mirage Dominaria Remastered Arena Beginner Set Mystery Booster Salvat 2011 Salvat 2005 Salvat 2005 Battle Royale Box Set Anthologies World Championship Decks 2004,{1}{W},Enchantment — Aura
Palace Sentinels,13,Commander Masters Commander Legends Conspiracy: Take the Crown Mystery Booster Treasure Chest,{3}{W},Creature — Human Soldier
Pegasus Guardian,9,Commander Legends: Battle for Baldur's Gate Alchemy Horizons: Baldur's Gate,{5}{W} // {1}{W},Creature — Pegasus // Instant — Adventure
Penumbra Spider,14,Time Spiral Remastered Modern Masters 2017 Planechase Anthology Modern Masters Planechase 2012 Commander 2011 Time Spiral Mystery Booster,{2}{G}{G},Creature — Spider
Peregrine Drake,13,Battlebond Planechase Anthology Eternal Masters Planechase 2012 Urza's Saga Dominaria Remastered Dominaria Remastered,{4}{U},Creature — Drake
Perilous Myr,27,Commander Legends Jumpstart Masters 25 Scars of Mirrodin Mystery Booster,{2},Artifact Creature — Phyrexian Myr
Persistent Specimen,13,Innistrad: Crimson Vow Innistrad: Double Feature,{B},Creature — Skeleton
Pestermite,10,Modern Masters Lorwyn Jumpstart 2022,{2}{U},Creature — Faerie Rogue
Pestilence,19,Classic Sixth Edition Urza's Saga Fifth Edition Fourth Edition Summer Magic / Edgar Revised Edition Unlimited Edition Limited Edition Beta Limited Edition Alpha Mystery Booster Battle Royale Box Set Fourth Edition Foreign Black Border Foreign Black Border 30th Anniversary Edition 30th Anniversary Edition Intl. Collectors' Edition Collectors' Edition,{2}{B}{B},Enchantment
Phantom Nomad,10,Vintage Masters Judgment Salvat 2005 Salvat 2005,{1}{W},Creature — Spirit Nomad
Phantom Tiger,9,Iconic Masters Judgment,{2}{G},Creature — Cat Spirit
Phyrexian Ghoul,7,March of the Machine Commander Masters 25 Duel Decks: Mirrodin Pure vs. New Phyrexia Duel Decks: Phyrexia vs. the Coalition Planechase Urza's Saga Dominaria Remastered Battle Royale Box Set,{2}{B},Creature — Phyrexian Zombie
Phyrexian Rager,23,March of the Machine Commander Dominaria United Commander Legends: Battle for Baldur's Gate Commander Legends Jumpstart Iconic Masters Commander Anthology Eternal Masters Commander 2015 Duel Decks Anthology: Garruk vs. Liliana Mirrodin Besieged Duel Decks: Garruk vs. Liliana Tenth Edition Apocalypse Planeswalker Championship Promos Dominaria Remastered Mystery Booster Media Inserts,{2}{B},Creature — Phyrexian Horror
Pierce Strider,10,Battlebond Mirrodin Besieged Jumpstart 2022 Magic Online Promos,{4},Artifact Creature — Phyrexian Construct
Pillory of the Sleepless,16,Masters 25 Modern Masters 2015 Guildpact Mystery Booster RNA Guild Kit,{1}{W}{B},Enchantment — Aura
Plagued Rusalka,8,Jumpstart Modern Masters 2015 Conspiracy Duel Decks: Izzet vs. Golgari Guildpact Mystery Booster RNA Guild Kit Salvat 2005 Salvat 2005,{B},Creature — Spirit
Planar Disruption,13,Phyrexia: All Will Be One,{1}{W},Enchantment — Aura
Ponder,25,New Capenna Commander Commander 2021 Commander 2018 Magic 2012 Magic 2010 Lorwyn Eternal Weekend 2022 Secret Lair 30th Anniversary Countdown Kit Heads I Win, Tails You Lose Time Spiral Remastered Secret Lair Drop Magic Online Promos Magic Player Rewards 2008 Jumpstart: Historic Horizons,{U},Sorcery
Porcelain Legionnaire,23,New Phyrexia,{2}{W/P},Artifact Creature — Phyrexian Soldier
Preordain,25,New Capenna Commander Commander Legends Commander 2015 Duel Decks: Venser vs. Koth Magic 2011 Tales of Middle-earth Commander Jumpstart 2022 Magic Online Promos The Brothers' War Commander Heads I Win, Tails You Lose Secret Lair Drop Magic Online Promos Commander Legends Mystery Booster,{U},Sorcery
Primal Huntbeast,7,Battlebond Magic 2013,{3}{G},Creature — Beast
Prismari Campus,16,Commander Legends: Battle for Baldur's Gate Strixhaven: School of Mages Strixhaven Art Series Strixhaven Art Series,,Land
Prismatic Strands,17,Commander 2019 Judgment,{2}{W},Instant
Pristine Talisman,14,Commander 2021 Commander Anthology Volume II Iconic Masters Commander 2014 Commander 2013 New Phyrexia Tales of Middle-earth Commander The Brothers' War Retro Artifacts The Brothers' War Retro Artifacts The Brothers' War Retro Artifacts Magic Online Promos New Phyrexia Promos,{3},Artifact
Prizefight,6,Streets of New Capenna,{1}{G},Instant
Prophetic Prism,15,Wilds of Eldraine Commander Masters Phyrexia: All Will Be One Dominaria United Commander Commander Legends: Battle for Baldur's Gate Commander Legends Jumpstart Masters 25 Kaladesh Gatecrash Commander 2011 Rise of the Eldrazi The Brothers' War Commander Alchemy Horizons: Baldur's Gate Kaladesh Remastered Mystery Booster Wilds of Eldraine Art Series,{2},Artifact
Pulse of Murasa,17,Commander 2021 Core Set 2020 Ultimate Masters Battlebond Oath of the Gatewatch Mystery Booster,{2}{G},Instant
Putrid Goblin,16,Modern Horizons Jumpstart: Historic Horizons,{1}{B},Creature — Zombie Goblin
Putrid Leech,9,Duel Decks: Jace vs. Vraska Duel Decks: Izzet vs. Golgari Alara Reborn,{B}{G},Creature — Zombie Leech
Qasali Pridemage,18,Double Masters 2022 Commander 2017 Duel Decks: Ajani vs. Nicol Bolas Alara Reborn Magic Online Promos Double Masters 2022 Time Spiral Remastered Mystery Booster Magic Online Promos Friday Night Magic 2010,{G}{W},Creature — Cat Wizard
Quandrix Campus,16,Strixhaven: School of Mages,,Land
Racers' Ring,12,Streets of New Capenna Streets of New Capenna New Capenna Art Series,,Land
Radiant Grove,6,Dominaria United,,Land — Forest Plains
Raffine's Informant,13,Streets of New Capenna,{1}{W},Creature — Human Wizard
Raid Bombardment,8,Ultimate Masters Rise of the Eldrazi Wilds of Eldraine: Enchanting Tales Arena Beginner Set,{2}{R},Enchantment
Raise the Alarm,20,Commander Legends Jumpstart Core Set 2020 Conspiracy: Take the Crown Eternal Masters Modern Masters 2015 Duel Decks: Elspeth vs. Kiora Magic 2015 Duel Decks: Elspeth vs. Tezzeret Mirrodin Modern Event Deck 2014,{1}{W},Instant
Rakdos Carnarium,22,Dominaria United Commander Double Masters 2022 Crimson Vow Commander Forgotten Realms Commander Commander 2020 Commander 2019 Commander 2018 Iconic Masters Commander 2017 Commander Anthology Commander 2016 Modern Masters 2015 Commander 2013 Duel Decks: Sorin vs. Tibalt Commander 2011 Archenemy Dissension The Brothers' War Commander Magic Online Promos Double Masters 2022 RNA Guild Kit Magic Online Theme Decks,,Land
Rally the Peasants,21,Ultimate Masters Eternal Masters Innistrad Shadows of the Past Mystery Booster,{2}{W},Instant
Ram Through,16,Commander Masters Ikoria: Lair of Behemoths Jumpstart 2022 Game Night: Free-for-All,{1}{G},Instant
Rampant Growth,6,Commander Masters Double Masters 2022 New Capenna Commander Neon Dynasty Commander Forgotten Realms Commander Commander 2021 Commander Legends Duel Decks: Mind vs. Might Commander 2016 Commander 2015 Modern Masters 2015 Tempest Remastered Magic 2012 Planechase Magic 2010 Tenth Edition Ninth Edition Ninth Edition Eighth Edition Eighth Edition Seventh Edition Seventh Edition Classic Sixth Edition Tempest Mirage Wizards Play Network 2023 Secret Lair Drop Tales of Middle-earth Commander Warhammer 40,000 Commander Warhammer 40,000 Commander Magic Online Promos Double Masters 2022 Mystery Booster Magic Online Promos Salvat 2011 Magic Online Theme Decks Duels of the Planeswalkers Magic Player Rewards 2009 Salvat 2005 Salvat 2005 Beatdown Box Set World Championship Decks 2004,{1}{G},Sorcery
Rancor,27,Double Masters 2022 Forgotten Realms Commander Masters 25 Planechase Anthology Eternal Masters Duel Decks Anthology: Garruk vs. Liliana Magic 2013 Planechase 2012 Archenemy Duel Decks: Garruk vs. Liliana Urza's Legacy Mystery Booster Explorers of Ixalan Legendary Cube Prize Pack Magic Online Promos Friday Night Magic 2005 World Championship Decks 1999,{G},Enchantment — Aura
Ransack the Lab,11,Modern Horizons Jumpstart: Historic Horizons,{1}{B},Sorcery
Read the Bones,16,Commander Masters March of the Machine Commander Dominaria United Commander Commander 2017 Duel Decks: Zendikar vs. Eldrazi Magic Origins Commander 2014 Theros Starter Commander Decks Time Spiral Remastered Mystery Booster,{2}{B},Sorcery
Reckless Charge,12,Modern Horizons Ultimate Masters Eternal Masters Vintage Masters Planechase Odyssey Jumpstart: Historic Horizons,{R},Sorcery
Reckless Impulse,20,Innistrad: Crimson Vow Innistrad: Double Feature,{1}{R},Sorcery
Remove Soul,7,Masters Edition III Tenth Edition Ninth Edition Ninth Edition Eighth Edition Eighth Edition Seventh Edition Seventh Edition Starter 1999 Classic Sixth Edition Fifth Edition Chronicles Legends Magic Online Promos Magic Player Rewards 2009 Chronicles Foreign Black Border,{1}{U},Instant
Renegade Freighter,23,Kaladesh,{3},Artifact — Vehicle
Repeal,10,Iconic Masters Commander 2015 Modern Masters 2015 Duel Decks: Speed vs. Cunning Guildpact Historic Anthology 7 Time Spiral Remastered Magic Online Promos,{X}{U},Instant
Rhox Veteran,20,Modern Horizons,{3}{W},Creature — Rhino Soldier
Rift Bolt,12,Double Masters 2022 Time Spiral Remastered Iconic Masters Duel Decks: Mind vs. Might Modern Masters Time Spiral The List Magic Online Promos Magic Online Theme Decks Friday Night Magic 2010,{2}{R},Sorcery
Rimrock Knight,16,Throne of Eldraine Magic Online Promos Throne of Eldraine,{1}{R} // {R},Creature — Dwarf Knight // Instant — Adventure
Roving Harper,7,Commander Legends: Battle for Baldur's Gate,{2}{W},Creature — Elf Scout
Rubblebelt Maaka,2,Modern Masters 2017 Dragon's Maze Mystery Booster,{3}{R},Creature — Cat
Ruthless Ripper,9,Masters 25 Khans of Tarkir Magic Online Promos Ugin's Fate,{B},Creature — Human Assassin
Sacred Peaks,7,Dominaria United,,Land — Mountain Plains
Sakura-Tribe Elder,22,Commander Legends: Battle for Baldur's Gate New Capenna Commander Neon Dynasty Commander Commander 2020 Commander 2019 Commander 2018 Commander Anthology Commander 2016 Commander 2015 Conspiracy Commander 2013 Commander 2011 Archenemy Champions of Kamigawa Starter Commander Decks Secret Lair Drop Mystery Booster Magic Online Promos Legendary Cube Prize Pack Magic Online Promos Magic Online Theme Decks Friday Night Magic 2009 Junior APAC Series Japan Junior Tournament Junior Series Europe Junior Super Series,{1}{G},Creature — Snake Shaman
Sandsteppe Outcast,10,Fate Reforged Jumpstart: Historic Horizons,{2}{W},Creature — Human Warrior
Sarulf's Packmate,17,Kaldheim Kaldheim Art Series,{3}{G},Creature — Wolf
Savannah Lions,12,Masters 25 Masters Edition IV Ninth Edition Ninth Edition Eighth Edition Eighth Edition Fourth Edition Summer Magic / Edgar Revised Edition Unlimited Edition Limited Edition Beta Limited Edition Alpha Dominaria Remastered Dominaria Remastered Jumpstart 2022 Mystery Booster Fourth Edition Foreign Black Border Foreign Black Border 30th Anniversary Edition 30th Anniversary Edition Intl. Collectors' Edition Collectors' Edition,{W},Creature — Cat
Scattered Thoughts,7,Innistrad: Crimson Vow Innistrad: Double Feature,{3}{U},Instant
Scion Summoner,7,Oath of the Gatewatch Jumpstart 2022,{2}{G},Creature — Eldrazi Drone
Scorched Rusalka,9,Modern Masters 2017 Duel Decks: Sorin vs. Tibalt Guildpact,{R},Creature — Spirit
Scrapwork Mutt,12,The Brothers' War,{2},Artifact Creature — Dog
Sea Gate,15,Commander Legends: Battle for Baldur's Gate,,Land — Gate
Sea Gate Oracle,16,Kaldheim Commander Jumpstart Commander 2017 Modern Masters 2017 Commander 2014 Duel Decks: Jace vs. Vraska Rise of the Eldrazi Game Night: Free-for-All The List Mystery Booster,{2}{U},Creature — Human Wizard
Search Party Captain,11,Innistrad: Midnight Hunt Innistrad: Double Feature,{3}{W},Creature — Human Soldier
Searing Spear,11,Archenemy: Nicol Bolas Magic 2013 Jumpstart 2022 Magic Online Promos Friday Night Magic 2013,{1}{R},Instant
Seeker of the Way,25,Double Masters 2022 Iconic Masters Khans of Tarkir Magic Online Promos Double Masters 2022 Mystery Booster Magic Online Promos Magic Origins Clash Pack,{1}{W},Creature — Human Warrior
Selesnya Sanctuary,22,Commander Masters Double Masters 2022 Midnight Hunt Commander Zendikar Rising Commander Commander 2020 Commander 2019 Commander 2018 Iconic Masters Commander 2017 Commander Anthology Planechase Anthology Commander 2016 Modern Masters 2015 Commander 2013 Planechase 2012 Commander 2011 Duel Decks: Knights vs. Dragons Ravnica: City of Guilds Magic Online Promos Double Masters 2022 GRN Guild Kit Magic Online Theme Decks Salvat 2005 Salvat 2005,,Land
Seraph of Dawn,11,Commander Legends Avacyn Restored Jumpstart: Historic Horizons,{2}{W}{W},Creature — Angel
Serrated Arrows,21,Duel Decks Anthology: Garruk vs. Liliana Duel Decks: Garruk vs. Liliana Time Spiral Timeshifted Homelands Mystery Booster Magic Online Promos Friday Night Magic 2008 Anthologies World Championship Decks 1997 Pro Tour Collector Set Pro Tour Collector Set Pro Tour Collector Set Pro Tour Collector Set Pro Tour Collector Set Pro Tour Collector Set Pro Tour Collector Set,{4},Artifact
Serum Visions,10,Forgotten Realms Commander Commander 2021 Modern Masters 2017 Conspiracy: Take the Crown Fifth Dawn Jumpstart 2022 Heads I Win, Tails You Lose Secret Lair Drop Secret Lair Drop Secret Lair Drop Secret Lair Drop Magic Online Promos Friday Night Magic 2015 Magic Online Promos Arena League 2004 World Championship Decks 2004 World Championship Decks 2004,{U},Sorcery
Settle Beyond Reality,12,Double Masters 2022 Modern Horizons Jumpstart 2022,{4}{W},Sorcery
Shambling Ghast,7,Adventures in the Forgotten Realms Alchemy Horizons: Baldur's Gate,{B},Creature — Zombie
Shaper Parasite,4,Time Spiral Remastered Commander 2014 Planar Chaos Mystery Booster,{1}{U}{U},Creature — Illusion
Sickleslicer,11,Double Masters Modern Masters 2015 New Phyrexia,{3},Artifact — Equipment
Silver Drake,11,Planeshift Media Inserts,{1}{W}{U},Creature — Drake
Silverback Shaman,11,Commander Legends Core Set 2020 Jumpstart 2022,{3}{G}{G},Creature — Ape Shaman
Silverquill Campus,14,March of the Machine Commander Strixhaven: School of Mages,,Land
Simic Growth Chamber,22,March of the Machine Commander Double Masters 2022 Forgotten Realms Commander Commander 2021 Commander Legends Commander 2020 Commander 2019 Commander 2018 Commander Anthology Volume II Iconic Masters Commander 2016 Commander 2015 Modern Masters 2015 Commander 2011 Dissension Magic Online Promos Double Masters 2022 RNA Guild Kit Magic Online Theme Decks,,Land
Sinuous Vermin,5,Conspiracy: Take the Crown Jumpstart 2022 Treasure Chest,{1}{B},Creature — Rat Horror
Skewer the Critics,7,Ravnica Allegiance,{2}{R},Sorcery
Skittering Crustacean,7,Conspiracy: Take the Crown Mystery Booster Treasure Chest,{2}{U},Creature — Crab
Skophos Reaver,12,Modern Horizons 2 Jumpstart: Historic Horizons,{2}{R},Creature — Minotaur Warrior
Skybridge Towers,12,Streets of New Capenna Streets of New Capenna New Capenna Art Series,,Land
Skyclave Sentinel,4,Zendikar Rising,{3},Artifact Creature — Gargoyle
Skyknight Legionnaire,14,Guilds of Ravnica Modern Masters 2017 Gatecrash Ravnica: City of Guilds Magic Online Promos Arena League 2005,{1}{R}{W},Creature — Human Knight
Skyscanner,8,Core Set 2021 Core Set 2019 Starter Commander Decks Mystery Booster,{3},Artifact Creature — Thopter
Snakeskin Veil,19,Commander Masters Kaldheim Strixhaven Mystical Archive Strixhaven Mystical Archive,{G},Instant
Snap,15,Duel Decks: Mind vs. Might Urza's Legacy Wilds of Eldraine Commander Dominaria Remastered Secret Lair Drop Mystery Booster Magic Online Promos,{1}{U},Instant
Soul Manipulation,14,Zendikar Rising Commander Modern Masters 2017 Commander 2013 Alara Reborn Mystery Booster,{1}{U}{B},Instant
Spelleater Wolverine,5,Ikoria: Lair of Behemoths,{2}{R},Creature — Wolverine
Spellgorger Weird,9,Core Set 2021 War of the Spark Jumpstart 2022,{2}{R},Creature — Weird
Spike Jester,4,Modern Masters 2017 Dragon's Maze,{B}{R},Creature — Goblin Warrior
Star Compass,4,Iconic Masters Eighth Edition Eighth Edition Planeshift,{2},Artifact
Stormfront Pegasus,8,Welcome Deck 2017 Magic 2012 Magic 2011 Magic 2010 Jumpstart: Historic Horizons,{1}{W},Creature — Pegasus
Striped Riverwinder,16,Hour of Devastation Amonkhet Remastered,{6}{U},Creature — Serpent
Sultai Emissary,7,Fate Reforged Magic Online Promos Ugin's Fate,{1}{B},Creature — Zombie Warrior
Sunblade Samurai,9,Kamigawa: Neon Dynasty Kamigawa: Neon Dynasty,{4}{W},Enchantment Creature — Human Samurai
Sunlance,12,Time Spiral Remastered Modern Masters 2015 Duel Decks: Elspeth vs. Kiora Duel Decks: Elspeth vs. Tezzeret Planar Chaos Mystery Booster,{W},Sorcery
Sunlit Marsh,6,Dominaria United,,Land — Plains Swamp
Suture Priest,11,March of the Machine Commander New Phyrexia Magic Online Promos,{1}{W},Creature — Phyrexian Cleric
Sword Coast Serpent,5,Commander Legends: Battle for Baldur's Gate Alchemy Horizons: Baldur's Gate,{5}{U}{U} // {1}{U},Creature — Serpent Dragon // Instant — Adventure
Sylvok Lifestaff,10,Scars of Mirrodin,{1},Artifact — Equipment
Syndic of Tithes,14,Gatecrash,{1}{W},Creature — Human Cleric
Tamiyo's Safekeeping,8,Kamigawa: Neon Dynasty,{G},Instant
Tangled Islet,7,Dominaria United,,Land — Forest Island
Temporal Isolation,16,Time Spiral Remastered Time Spiral,{1}{W},Enchantment — Aura
Temporal Spring,8,Apocalypse Magic Online Theme Decks,{1}{G}{U},Sorcery
Terminate,19,Dominaria United Commander Double Masters 2022 New Capenna Commander Forgotten Realms Commander Commander 2020 Commander 2017 Commander Anthology Modern Masters 2017 Commander 2016 Duel Decks: Sorin vs. Tibalt Commander 2011 Archenemy Alara Reborn Planeshift Secret Lair Drop Starter Commander Decks Magic Online Promos Double Masters 2022 The List Mystery Booster Magic Online Promos Magic Online Promos Salvat 2011 Magic Online Theme Decks Magic Player Rewards 2009 Friday Night Magic 2006 World Championship Decks 2001,{B}{R},Instant
Thermo-Alchemist,19,Innistrad: Midnight Hunt Jumpstart Ultimate Masters Eldritch Moon Shadows over Innistrad Remastered Starter Commander Decks Jumpstart 2022 Jumpstart 2022 Innistrad: Double Feature,{1}{R},Creature — Human Shaman
Thorn of the Black Rose,15,Commander Masters Commander Legends Conspiracy: Take the Crown Mystery Booster Treasure Chest,{3}{B},Creature — Human Assassin
Thornweald Archer,9,Time Spiral Remastered Commander Anthology Duel Decks: Nissa vs. Ob Nixilis Eternal Masters Commander 2014 Future Sight Game Night: Free-for-All Mystery Booster,{1}{G},Creature — Elf Archer
Thraben Inspector,30,Commander Masters Double Masters Shadows over Innistrad Shadows over Innistrad Remastered Jumpstart 2022 Regional Championship Qualifiers 2022 Time Spiral Remastered Historic Anthology 4 Mystery Booster,{W},Creature — Human Soldier
Three Visits,4,Commander Masters Commander Legends: Battle for Baldur's Gate Commander Legends Masters Edition III Portal Three Kingdoms Magic Online Promos Commander Legends,{1}{G},Sorcery
Thriving Bluff,22,Commander Masters New Capenna Commander Jumpstart Jumpstart 2022,,Land
Thriving Grove,22,Commander Masters New Capenna Commander Forgotten Realms Commander Jumpstart Jumpstart 2022,,Land
Thriving Heath,22,Commander Masters March of the Machine Commander New Capenna Commander Forgotten Realms Commander Jumpstart Jumpstart 2022,,Land
Thriving Isle,22,Commander Masters March of the Machine Commander New Capenna Commander Forgotten Realms Commander Jumpstart Jumpstart 2022,,Land
Thriving Moor,22,Commander Masters March of the Machine Commander New Capenna Commander Forgotten Realms Commander Jumpstart Jumpstart 2022,,Land
Thundering Tanadon,7,New Phyrexia,{4}{G/P}{G/P},Artifact Creature — Phyrexian Beast
Titanic Brawl,4,Ravnica Allegiance Jumpstart 2022,{1}{G},Instant
Tithe Drinker,12,Commander 2017 Dragon's Maze Mystery Booster,{W}{B},Creature — Vampire
Tocasia's Dig Site,10,The Brothers' War,,Land
Tolarian Terror,16,Dominaria United Dominaria United Art Series,{6}{U},Creature — Serpent
Topan Freeblade,9,Game Night 2019 Iconic Masters Magic Origins Mystery Booster,{1}{W},Creature — Human Soldier
Tortured Existence,10,Stronghold The List,{B},Enchantment
Tragic Fall,8,Modern Horizons 2,{1}{B},Instant
Tragic Slip,14,Commander Masters Eternal Masters Commander 2014 Conspiracy Duel Decks: Jace vs. Vraska Dark Ascension Shadows of the Past Jumpstart 2022 Jumpstart 2022 Mystery Booster Legendary Cube Prize Pack,{B},Instant
Tramway Station,13,Streets of New Capenna Streets of New Capenna,,Land
Travel Preparations,12,Double Masters 2022 Ultimate Masters Innistrad Shadows of the Past,{1}{G},Sorcery
Treasure Cruise,22,New Capenna Commander Commander 2021 Ultimate Masters Commander Anthology Volume II Commander 2016 Khans of Tarkir Time Spiral Remastered Mystery Booster,{7}{U},Sorcery
Triplicate Spirits,13,Magic 2015 Jumpstart 2022 The List,{4}{W}{W},Sorcery
Trumpeting Herd,23,Modern Horizons Jumpstart: Historic Horizons,{2}{G}{G},Sorcery
Tuskeri Firewalker,8,Kaldheim,{2}{R},Creature — Human Berserker
Tuskguard Captain,5,Commander Masters Double Masters 2022 Zendikar Rising Commander Commander Anthology Volume II Commander 2016 Khans of Tarkir Commander Masters Art Series,{2}{G},Creature — Human Warrior
Twisted Abomination,11,Commander Masters Double Masters Masters 25 Eternal Masters Duel Decks Anthology: Garruk vs. Liliana Conspiracy Archenemy Duel Decks: Garruk vs. Liliana Time Spiral Timeshifted Scourge Premium Deck Series: Graveborn Magic Online Theme Decks,{5}{B},Creature — Zombie Mutant
Typhoid Rats,2,Fate Reforged Magic 2015 Conspiracy Innistrad Jumpstart 2022 Arena Beginner Set Mystery Booster,{B},Creature — Rat
Ulamog's Crusher,18,Commander Masters Ultimate Masters Duel Decks: Zendikar vs. Eldrazi Modern Masters 2015 Rise of the Eldrazi,{8},Creature — Eldrazi
Unbounded Potential,9,Commander Masters Modern Horizons 2 Modern Horizons 2 Art Series Modern Horizons 2 Art Series,{1}{W},Instant
Underworld Rage-Hound,13,Theros Beyond Death,{1}{R},Creature — Elemental Dog
Undying Malice,4,Innistrad: Crimson Vow Innistrad: Double Feature,{B},Instant
Unearth,22,Double Masters 2022 Modern Horizons Masters 25 Urza's Legacy Historic Anthology 7 Magic Online Promos Double Masters 2022,{B},Sorcery
Unmake,12,Duel Decks: Sorin vs. Tibalt Archenemy Eventide Magic Online Promos Magic Player Rewards 2009,{W/B}{W/B}{W/B},Instant
Unwilling Ingredient,6,Strixhaven: School of Mages,{B},Creature — Frog
Urban Daggertooth,8,Modern Horizons 2 Jumpstart: Historic Horizons,{2}{G}{G},Creature — Dinosaur
Vampire Sovereign,12,Double Masters 2022 Core Set 2019,{3}{B}{B},Creature — Vampire Noble
Vault Skirge,21,New Phyrexia Historic Anthology 5 Magic Online Promos DCI Promos,{1}{B/P},Artifact Creature — Phyrexian Imp
Viashino Pyromancer,10,Core Set 2019 Jumpstart 2022,{1}{R},Creature — Viashino Wizard
Village Rites,15,Kaldheim Core Set 2021 Jumpstart 2022 Game Night: Free-for-All Strixhaven Mystical Archive Strixhaven Mystical Archive,{B},Instant
Vines of Vastwood,17,Modern Masters 2015 Zendikar,{G},Instant
Voldaren Epicure,9,Innistrad: Crimson Vow Innistrad: Double Feature Innistrad: Crimson Vow Crimson Vow Art Series Crimson Vow Art Series,{R},Creature — Vampire
Voracious Typhon,13,Theros Beyond Death,{2}{G}{G},Creature — Snake Beast
Vulshok Morningstar,17,Duel Decks: Venser vs. Koth Ninth Edition Ninth Edition Darksteel,{2},Artifact — Equipment
Vulturous Aven,10,Dragons of Tarkir,{3}{B},Creature — Bird Shaman
Wakedancer,7,Eternal Masters Conspiracy Dark Ascension Jumpstart 2022,{2}{B},Creature — Human Shaman
Wall of Roots,16,New Capenna Commander Iconic Masters Archenemy Time Spiral Timeshifted Mirage 30th Anniversary Play Promos Magic Online Promos Friday Night Magic 2008 World Championship Decks 1998,{1}{G},Creature — Plant Wall
War Flare,7,Fate Reforged,{2}{R}{W},Instant
Warden of Evos Isle,8,Commander Legends Jumpstart Core Set 2020 Eternal Masters Magic 2014 Starter Commander Decks Arena Beginner Set Mystery Booster,{2}{U},Creature — Bird Wizard
Watcher in the Mist,8,Guilds of Ravnica,{3}{U}{U},Creature — Spirit
Waterfront District,13,Streets of New Capenna Streets of New Capenna,,Land
Wavesifter,15,Modern Horizons 2 Jumpstart: Historic Horizons,{3}{G}{U},Creature — Elemental
Wayfarer's Bauble,9,Commander Masters March of the Machine Commander Commander Legends: Battle for Baldur's Gate New Capenna Commander Forgotten Realms Commander Commander Anthology Volume II Commander 2017 Commander 2015 Modern Masters 2015 Commander 2014 Commander 2013 Duel Decks: Venser vs. Koth Fifth Dawn Wilds of Eldraine Commander Historic Anthology 7 Tales of Middle-earth Commander Starter Commander Decks The Brothers' War Commander Warhammer 40,000 Commander Warhammer 40,000 Commander Warhammer 40,000 Commander Warhammer 40,000 Commander The List Salvat 2005 Salvat 2005 World Championship Decks 2004,{1},Artifact
Weakstone's Subjugation,6,The Brothers' War,{U},Enchantment — Aura
Werebear,14,Eternal Masters Odyssey Dominaria Remastered Magic Online Theme Decks World Championship Decks 2002,{1}{G},Creature — Human Bear Druid
Wildfire Elemental,6,Core Set 2020 Jumpstart 2022,{2}{R}{R},Creature — Elemental
Winding Way,17,Modern Horizons Jumpstart: Historic Horizons,{1}{G},Sorcery
Winter Eladrin,15,Commander Legends: Battle for Baldur's Gate,{2}{U},Creature — Faerie Elf Wizard
Witching Well,8,Commander Masters Throne of Eldraine,{U},Artifact
Witherbloom Campus,16,Strixhaven: School of Mages,,Land
Witness Protection,10,Streets of New Capenna,{U},Enchantment — Aura
Witty Roastmaster,13,Streets of New Capenna,{2}{R},Creature — Devil Citizen
Wojek Halberdiers,7,Gatecrash,{R}{W},Creature — Human Soldier
Wooded Ridgeline,6,Dominaria United,,Land — Mountain Forest
Wrangle,5,Aether Revolt,{1}{R},Sorcery
Yavimaya Elder,15,Midnight Hunt Commander Modern Horizons 2 Commander Legends Zendikar Rising Commander Commander 2018 Commander Anthology Volume II Vintage Masters Commander 2011 Duel Decks: Phyrexia vs. the Coalition Urza's Destiny Mystery Booster Magic Online Theme Decks,{1}{G}{G},Creature — Human Druid
Yavimaya Steelcrusher,3,Dominaria United,{1}{R},Creature — Ape Warrior
You Hear Something on Watch,11,Adventures in the Forgotten Realms Alchemy Horizons: Baldur's Gate,{1}{W},Instant
You Meet in a Tavern,7,Commander Legends: Battle for Baldur's Gate Adventures in the Forgotten Realms Alchemy Horizons: Baldur's Gate Adventures in the Forgotten Realms Art Series,{2}{G}{G},Sorcery
Young Blue Dragon,5,Commander Legends: Battle for Baldur's Gate Alchemy Horizons: Baldur's Gate Battle for Baldur's Gate Art Series,{4}{U} // {1}{U},Creature — Dragon // Sorcery — Adventure